{"general":{"pattern":"*","rules":["nx_source","_zucks_suid","cmpid","asgtbndr","guccounter","guce_referrer","guce_referrer_sig","_openstat","action_object_map","action_ref_map","action_type_map","fb_action_ids","fb_action_types","fb_comment_id","fb_ref","fb_source","fbclid","xtor","utm_campaign","utm_channel","utm_cid","utm_content","utm_id","utm_medium","utm_name","utm_place","utm_pubreferrer","utm_reader","utm_referrer","utm_serial","utm_social","utm_social-type","utm_source","utm_swu","utm_term","utm_userid","utm_viz_id","utm_product","utm_campaignid","utm_ad","utm_brand","utm_emcid","utm_emmid","utm_umguk","gbraid","wbraid","gclsrc","gclid","yclid","dpg_source","dpg_campaign","dpg_medium","dpg_content","admitad_uid","gps_adid","unicorn_click_id","adjust_creative","adjust_tracker_limit","adjust_tracker","adjust_adgroup","adjust_campaign","bsft_clkid","bsft_eid","bsft_mid","bsft_uid","bsft_aaid","bsft_ek","mtm_campaign","mtm_cid","mtm_content","mtm_group","mtm_keyword","mtm_medium","mtm_placement","mtm_source","pk_campaign","pk_medium","pk_source","_branch_match_id","vc_lpp","ml_subscriber","ml_subscriber_hash","rb_clickid","oly_anon_id","oly_enc_id","ebisAdID","irgwc"]},"goodreadscom":{"pattern":"\/goodreads.com\/","rules":["ref"]},"journaltinkoffru":{"pattern":"\/journal.tinkoff.ru\/","rules":["mindbox-click-id"]},"coconalacom":{"pattern":"\/coconala.com\/","rules":["ref","ref_kind","ref_no"]},"xkcdcom":{"pattern":"\/xkcd.com\/","rules":["trk"]},"videolaxdcom":{"pattern":"\/video.laxd.com\/","rules":["ref"]},"msncom":{"pattern":"\/msn.com\/","rules":["pc"]},"approachyahoocojp":{"pattern":"\/approach.yahoo.co.jp\/","rules":["code"]},"taobaocom":{"pattern":"\/taobao.com\/","rules":["scm","pvid","utparam"]},"aliexpress":{"pattern":"\/aliexpress.\/","rules":["spm","scm","scm_id","scm-url","utparam","aff_fcid","terminal_id","aff_trace_key","aff_fsk","pvid","dp","sk"]},"agodacom":{"pattern":"\/agoda.com\/","rules":["tag"]},"editorflixiercom":{"pattern":"\/editor.flixier.com\/","rules":["\/fx_(source|medium|campaign)\/"]},"githubcomsignup":{"pattern":"\/github.com\\\/signup\/","rules":["source","\/^ref_\/"]},"tradingviewcom":{"pattern":"\/tradingview.com\/","rules":["source"]},"apicxensecom":{"pattern":"\/api.cxense.com\/","rules":["\/^cx_\/","\/^pickup_list_click\/"]},"rakutencojp":{"pattern":"\/rakuten.co.jp\/","rules":["scid"]},"azbyfmworldnetcgi-bincommonrdcgi":{"pattern":"\/azby.fmworld.net\\\/cgi-bin\\\/common\\\/rd.cgi\/","rules":["affitest"]},"azbyfmworldnet":{"pattern":"\/azby.fmworld.net\/","rules":["mc_pc"]},"tokuyahoocojp":{"pattern":"\/toku.yahoo.co.jp\/","rules":["fr"]},"nikkeicom":{"pattern":"\/nikkei.com\/","rules":["i_cid","n_cid"]},"nikkeibpcojp":{"pattern":"\/nikkeibp.co.jp\/","rules":["i_cid"]},"cyberlinkcom":{"pattern":"\/cyberlink.com\/","rules":["affid"]},"zestradarcom":{"pattern":"\/zestradar.com\/","rules":["adclid"]},"hitgemiusplhitredir":{"pattern":"\/hit.gemius.pl\\\/hitredir\/","rules":["id","extra"]},"adoramacom":{"pattern":"\/adorama.com\/","rules":["obem","bc_pid"]},"adjustcom":{"pattern":"\/adjust.com\/","rules":["adgroup"]},"tiktokcom":{"pattern":"\/tiktok.com\/","rules":["share_app_id","share_author_id","tt_from"]},"redditapplink":{"pattern":"\/reddit.app.link\/","rules":["adblock","compact_view","dnt","geoip_country","referrer_domain","referrer_url"]},"dmkt-spjp":{"pattern":"\/dmkt-sp.jp\/","rules":["impressionId"]},"dmmcojp":{"pattern":"\/dmm.co.jp\/","rules":["dmmref","i3_ord","i3_ref"]},"imdbcom":{"pattern":"\/imdb.com\/","rules":["ref_"]},"livedoorbiz":{"pattern":"\/livedoor.biz\/","rules":["ref"]},"redditcom":{"pattern":"\/reddit.com\/","rules":["correlation_id","ref_campaign","ref_source","ref"]},"adjst":{"pattern":"\/adj.st\/","rules":["CollectionId","adjust_deeplink"]},"dataalexacomdata":{"pattern":"\/data.alexa.com\\\/data\\\/\/","rules":["\/cdt|ref\/"]},"comodocom":{"pattern":"\/comodo.com\/","rules":["track ","af"]},"linkcoupangcom":{"pattern":"\/link.coupang.com\/","rules":["lptag"]},"wuzhuisocom":{"pattern":"\/wuzhuiso.com\/","rules":["src"]},"nordvpncom":{"pattern":"\/nordvpn.com\/","rules":["data1"]},"upgradcom":{"pattern":"\/upgrad.com\/","rules":["UTM_MEDIUM"]},"adweekcom":{"pattern":"\/adweek.com\/","rules":["traffic_source"]},"kitbagcom":{"pattern":"\/kitbag.com\/","rules":["_ref","ab"]},"webvstatinfo":{"pattern":"\/web.vstat.info\/","rules":["guid","user_agent"]},"startpmby":{"pattern":"\/start.pm.by\/","rules":["adtag"]},"mailru":{"pattern":"\/mail.ru\/","rules":["oprtrack"]},"redhotpawncom":{"pattern":"\/redhotpawn.com\/","rules":["cbqsid"]},"trendyolcom":{"pattern":"\/trendyol.com\/","rules":["_ga","utm_subaff"]},"ccloginfracomcc":{"pattern":"\/cc.loginfra.com\\\/cc\/","rules":["a","bw","px","py","sx","sy","nsc"]},"meinonlinekontode":{"pattern":"\/mein.onlinekonto.de\/","rules":["ref"]},"dengekionlinecom":{"pattern":"\/dengekionline.com\/","rules":["osusume_banner"]},"aliyuncom":{"pattern":"\/aliyun.com\/","rules":["scm"]},"doubancom":{"pattern":"\/douban.com\/","rules":["_i","_dtcc","from"]},"listelerimhepsiburadacom":{"pattern":"\/listelerim.hepsiburada.com\/","rules":["af_ad","af_adset","af_force_deeplink","pid","c","is_retargeting","shortlink"]},"playgooglecomstore":{"pattern":"\/play.google.com\\\/store\\\/\/","rules":["pcampaignid"]},"cyber-ad01cc":{"pattern":"\/cyber-ad01.cc\/","rules":["ip"]},"d-marketsnet":{"pattern":"\/d-markets.net\/","rules":["ref"]},"coupangcom":{"pattern":"\/coupang.com\/","rules":["wRef","traceid","wTime","wPcid"]},"weidiancom":{"pattern":"\/weidian.com\/","rules":["\/distributorid|wfr|ifr|share_relation\/"]},"jasonsavardcom":{"pattern":"\/jasonsavard.com\/","rules":["\/cUrl|ref\/"]},"hog":{"pattern":"\/hog.*\/","rules":["ad"]},"lcsnavercommu":{"pattern":"\/lcs.naver.com\\\/mu\/","rules":["os","ln","sr","bw","bh","ls","navigationStart","requestStart","responseStart","responseEnd","domLoading","domInteractive","domContentLoadedEventStart","domContentLoadedEventEnd","domComplete","loadEventStart","loadEventEnd","pid","ts"]},"edxorg":{"pattern":"\/edx.org\/","rules":["source"]},"infoqcom":{"pattern":"\/infoq.com\/","rules":["\/topicPageSponsorship|^itm_\/"]},"couponduniain":{"pattern":"\/coupondunia.in\/","rules":["itm_source"]},"adsharesnet":{"pattern":"\/adshares.net\/","rules":["cid"]},"getadobecom":{"pattern":"\/get.adobe.com\/","rules":["browser_type","browser_dist","type","workflow","promoid","TRILIBIS_EMULATOR_UA"]},"upsxplosiondectxeventid":{"pattern":"\/ups.xplosion.de\\\/ctxeventid\/","rules":[null]},"app5-deliveryru":{"pattern":"\/app.5-delivery.ru\/","rules":["c","pid"]},"voyeur-housetv":{"pattern":"\/voyeur-house.tv\/","rules":["clickid"]},"chtcomtw":{"pattern":"\/cht.com.tw\/","rules":["Source","Identifier"]},"aufastco":{"pattern":"\/aufast.co\/","rules":["\/^utm_\/","clickid"]},"iqbrokercom":{"pattern":"\/iqbroker.com\/","rules":["afftrack","clickid","aff_model"]},"dailymotioncomembedvideoadsparamsorigin":{"pattern":"\/dailymotion.com\\\/embed\\\/video\\\/*adsparams*origin\/","rules":["ads_params","origin"]},"wiredcouk":{"pattern":"\/wired.co.uk\/","rules":["mbid"]},"wikihowcom":{"pattern":"\/wikihow.com\/","rules":["?utm_source"]},"kohlscom":{"pattern":"\/kohls.com\/","rules":["CID"]},"instagramcom":{"pattern":"\/instagram.com\/","rules":["igshid"]},"euronewscom":{"pattern":"\/euronews.com\/","rules":["_ope"]},"mediamarktcomtr":{"pattern":"\/mediamarkt.com.tr\/","rules":["rbtc"]},"tmyvisualiqnet":{"pattern":"\/t.myvisualiq.net\/","rules":["~red"]},"uspoloassncom":{"pattern":"\/uspoloassn.com\/","rules":["ref"]},"arcelikcomtr":{"pattern":"\/arcelik.com.tr\/","rules":["ref"]},"expressde":{"pattern":"\/express.de\/","rules":["cb"]},"kstade":{"pattern":"\/ksta.de\/","rules":["cb"]},"linkedincomauthwall":{"pattern":"\/linkedin.com\\\/authwall\/","rules":["trkInfo","originalReferer"]},"linkedincom":{"pattern":"\/linkedin.com\/","rules":["\/^trk\/"]},"digikeycom":{"pattern":"\/digikey.com\/","rules":["\/^utm_cid\/"]},"nicovideojp":{"pattern":"\/nicovideo.jp\/","rules":["cmnhd_ref","ref"]},"searchnavercomsearchnaver":{"pattern":"\/search.naver.com\\\/search.naver\/","rules":["tqi"]},"ccnavercomcca":{"pattern":"\/cc.naver.com\\\/cca\/","rules":["bw","px","py","sx","sy"]},"yandexnews":{"pattern":"\/yandex.*\\\/news\\\/\/","rules":["stid"]},"yandexsport":{"pattern":"\/yandex.*\\\/sport\\\/\/","rules":["stid"]},"yandeximages":{"pattern":"\/yandex.*\\\/images\\\/\/","rules":["source-serpid"]},"wwwyandex":{"pattern":"\/www.yandex.\/","rules":["clid"]},"wwwbaiducom":{"pattern":"\/www.baidu.com\/","rules":["rsv_pq","rsv_t"]},"wwwbaiducomlinkurl":{"pattern":"\/www.baidu.com\\\/linkurl\/","rules":["eqid"]},"codbitreccomtopocentras-servicesjsrecs":{"pattern":"\/cod.bitrec.com\\\/topocentras-services\\\/js\\\/recs\/","rules":["visitorId","externalVisitorId","r"]},"playgoogle":{"pattern":"\/play.google.*\/","rules":["referrer"]},"googlewebsearch":{"pattern":"\/google.*\\\/websearch\/","rules":["visit_id"]},"googlesearch":{"pattern":"\/google.*\\\/search\/","rules":["biw","bih","sa","source","aqs","sourceid","ei","gs_lcp"]},"wwwebay":{"pattern":"\/www.ebay.\/","rules":["_trkparms","_trksid","amdata","mkrid","campid"]},"amazon":{"pattern":"\/amazon.*\/","rules":["ref","tag","creative","creativeASIN","camp","ascsubtag","vt","refRID","pd_rd_i","pd_rd_r","pd_rd_wg","pd_rd_w","pf_rd_i","pf_rd_m","pf_rd_p","pf_rd_r","pf_rd_s","pf_rd_t","pf_rd_w","initialIssue","smid","plattr","field-lbr_brands_browse-bin","ingress","visitId","rdc","qid","dchild","c","ts_id"]},"amazondp":{"pattern":"\/amazon.*\\\/dp\\\/\/","rules":["tag"]},"amazonaa":{"pattern":"\/amazon.*\\\/aa\/","rules":["bitCampaignCode"]},"amazonhzcontact-uscsp":{"pattern":"\/amazon.*\\\/hz\\\/contact-us\\\/csp\/","rules":["\/entries\/","\/Version\/","source","from"]},"amazonmessage-us":{"pattern":"\/amazon.*\\\/message-us\/","rules":["muClientName"]},"appmicomdownloadid":{"pattern":"\/app.mi.com\\\/download\\\/*id\/","rules":["ref","nonce","appClientId","appSignature"]},"mpweixinqqcom":{"pattern":"\/mp.weixin.qq.com\/","rules":["from","subscene","clicktime","enterid","sharer_sharetime","sharer_shareid"]},"pixeladsafeprotectedcomservicespub":{"pattern":"\/pixel.adsafeprotected.com\\\/services\\\/pub\/","rules":["slot","sessionId","anId","wr","sr","url"]},"cam4com":{"pattern":"\/cam4.com\/","rules":["act","suid","showSignupPopup"]},"bbccom":{"pattern":"\/bbc.com\/","rules":["at_medium","at_campaign","\/^at_custom\/"]},"officecom":{"pattern":"\/office.com\/","rules":["ocid"]},"twittercom":{"pattern":"\/twitter.com\/","rules":["s","t"]},"zerkaloio":{"pattern":"\/zerkalo.io\/","rules":["tg","vk"]},"microsoftcom":{"pattern":"\/microsoft.com\/","rules":["tduid","irclickid","ranEAID","ranSiteID","ocid"]},"nbcumescomtrdcnetiddvisidver":{"pattern":"\/nbcume.sc.omtrdc.net\\\/iddvisidver\/","rules":["\/mcorgid|mid|ts\/,domain"]},"dudaco":{"pattern":"\/duda.co\/","rules":["irclickid"]},"marktjagdde":{"pattern":"\/marktjagd.de\/","rules":["client"]},"kasperskycom":{"pattern":"\/kaspersky.com\/","rules":["icid"]},"courseraorg":{"pattern":"\/coursera.org\/","rules":["siteID"]},"mag2com":{"pattern":"\/mag2.com\/","rules":["trflg"]},"dailymailcouk":{"pattern":"\/dailymail.co.uk\/","rules":["ito"]},"hepsiburadacom":{"pattern":"\/hepsiburada.com\/","rules":["wt_af"]},"miogade":{"pattern":"\/mioga.de\/","rules":["pl","idealoid"]},"ejokerde":{"pattern":"\/ejoker.de\/","rules":["sPartner","idealoid"]},"gmxlogoutlounge":{"pattern":"\/gmx.*\\\/logoutlounge\/","rules":["p"]},"webdelogoutlounge":{"pattern":"\/web.de\\\/logoutlounge\/","rules":["p"]},"gmx":{"pattern":"\/gmx.*\/","rules":["mc"]},"webde":{"pattern":"\/web.de\/","rules":["mc"]},"lottogmx":{"pattern":"\/lotto.gmx.*\/","rules":["partnerId","advertisementId"]},"lottowebde":{"pattern":"\/lotto.web.de\/","rules":["partnerId","advertisementId"]},"shoppinggmx":{"pattern":"\/shopping.gmx.*\/","rules":["origin"]},"shoppingwebde":{"pattern":"\/shopping.web.de\/","rules":["origin"]},"addoubleclicknetddmtrackclk":{"pattern":"\/ad.doubleclick.net\\\/ddm\\\/trackclk\\\/\/","rules":["\/^dc_trk_\/"]},"alzadehtm":{"pattern":"\/alza.de\\\/*.htm\/","rules":["kampan"]},"cossede":{"pattern":"\/cosse.de\/","rules":["sPartner"]},"idealodehtml":{"pattern":"\/idealo.de\\\/*.html\/","rules":["offerKey","offerListId"]},"marketingnetidealo-partnercom":{"pattern":"\/marketing.net.idealo-partner.com\/","rules":["etcc_produkt"]},"media01eusetaspx":{"pattern":"\/media01.eu\\\/set.aspx\/","rules":["trackid"]},"netgamesde":{"pattern":"\/netgames.de\/","rules":["idealoid"]},"wwwalternatede":{"pattern":"\/www.alternate.de\/","rules":["idealoid"]},"wwwgalaxusde":{"pattern":"\/www.galaxus.de\/","rules":["pcscpId"]},"wwwlidlde":{"pattern":"\/www.lidl.de\/","rules":["msktc"]},"wwwottode":{"pattern":"\/www.otto.de\/","rules":["ActionID","AffiliateID","campid"]},"wwwpricezillade":{"pattern":"\/www.pricezilla.de\/","rules":["bid"]},"boomstoredehtml":{"pattern":"\/boomstore.de*.html\/","rules":["campaign"]},"wwwtechnikdirektde":{"pattern":"\/www.technikdirekt.de\/","rules":["idealoid"]},"wwwhitsellerde":{"pattern":"\/www.hitseller.de\/","rules":["etcc_produkt"]},"galaxusde":{"pattern":"\/galaxus.de\/","rules":["idealoid"]},"wwwelectronic4youde":{"pattern":"\/www.electronic4you.de\/","rules":["idealoid"]},"visitdigidipnet":{"pattern":"\/visit.digidip.net\/","rules":["\/^(ppref|ref|pid)"]},"adadmitadcom":{"pattern":"\/ad.admitad.com\/","rules":["\/^subid\/"]},"mvideoru":{"pattern":"\/mvideo.ru\/","rules":["\/^(_requestid|reff)"]},"nytimescom":{"pattern":"\/nytimes.com\/","rules":["impression_id"]},"websearchrakutencojpWeb":{"pattern":"\/websearch.rakuten.co.jp\\\/Web\/","rules":["ref"]},"rakutencojptrflg":{"pattern":"\/rakuten.co.jp*trflg\/","rules":["trflg"]},"searchyahoocojp":{"pattern":"\/search.yahoo.co.jp\/","rules":["fr"]},"daraz":{"pattern":"\/daraz.*\/","rules":["\/spm"]},"bilibilicom":{"pattern":"\/bilibili.com\/","rules":["from","seid","share_source","spm_id_from","from_spm_id","share_medium","share_plat","share_session_id","share_source","share_tag","timestamp","unique_k"]},"searchbilibilicom":{"pattern":"\/search.bilibili.com\/","rules":["from_source"]},"weibo":{"pattern":"\/weibo.*\/","rules":["pagetype","from"]},"google":{"pattern":"\/google.*\/","rules":["ved","btnK","iflsig"]},"zhihucomsearch":{"pattern":"\/zhihu.com\\\/search\/","rules":["search_source","hybrid_search_source","hybrid_search_extra"]},"bbccouk":{"pattern":"\/bbc.co.uk\/","rules":["at_medium","at_campaign","\/^at_custom\/"]},"xiaoyuzhoufmcom":{"pattern":"\/xiaoyuzhoufm.com\/","rules":["s"]},"podcastsapplecom":{"pattern":"\/podcasts.apple.com\/","rules":["i","mt","itscg","itsct"]},"openspotifycom":{"pattern":"\/open.spotify.com\/","rules":["si","context"]},"dwcom":{"pattern":"\/dw.com\/","rules":["maca"]},"sohucom":{"pattern":"\/sohu.com\/","rules":["pvid"]},"vyoukucom":{"pattern":"\/v.youku.com\/","rules":["sharefrom","sharekey"]},"mbaiducomsf":{"pattern":"\/m.baidu.com\\\/sf\/","rules":["frsrcid","openapi","cambrian_id","baijiahao_id","ext","top","_t"]},"tiebabaiducom":{"pattern":"\/tieba.baidu.com\/","rules":["share","fr","sfc","client_type","client_version","st","unique"]},"youtubecom":{"pattern":"\/youtube.com\/","rules":["feature"]},"bbsjjwxcnet":{"pattern":"\/bbs.jjwxc.net\/","rules":["boardpagemsg"]},"reuterscom":{"pattern":"\/reuters.com\/","rules":["taid"]},"caixincom":{"pattern":"\/caixin.com\/","rules":["cxw","Sfrom","originReferrer"]},"itunesapplecom":{"pattern":"\/itunes.apple.com\/","rules":["pt","ct","mt"]},"wechat":{"pattern":"weixin.qq.com","rules":["chksm","key","uin","devicetype","exportkey","mpshare","scene","srcid","nettype","from","subscene","clicktime","enterid","sharer_sharetime","sharer_shareid","ver","signature","timestamp","src"]}}